id,fruits,milk,cereal,frozen,detergents,misc
0,11.296377205731558,13.137772456393371,8.149385643457641,0.35157469319357965,6.549587282925515,2.790814091733934
1,6.292409340977789,13.347301967400474,10.31256736365596,2.8947411654536794,8.065740808778504,3.704398973781365
2,5.66468422038145,11.983999564614003,8.281957318387583,3.951108117432519,8.61194797560438,16.361095467534362
3,11.827803586236413,1.627255163405807,4.549471868937271,10.520954837437776,1.2418252626938056,3.7294286965771852
4,20.16477784415654,7.360744510054696,7.758137529640009,6.431845438564786,4.3525118181595515,10.814926058027241
5,8.39314852297349,11.237040463686087,5.5248976072429405,1.0941530171351592,4.39660028902442,3.0265106480612394
6,10.812208540271598,4.352499387738442,7.517784005173529,0.7885787510884029,7.69098880642712,1.1367665769768267
7,6.75785325141996,6.743040626955835,10.159517137314076,2.7419540324303013,8.1343228745683,5.352189057839518
8,5.316938770051092,4.963400364635772,6.673852123302436,0.6982207691928568,4.203100889117496,1.5643576747387522
9,5.355279935087516,15.09292769871289,20.35029101099375,1.904089109398873,18.186494231758395,4.3760298688025365
10,3.001310732851245,7.351220441372554,13.983617158870446,7.2286385516436935,14.639821686628947,3.637653046325845
11,11.721696641135612,1.5292933141037852,4.874973054537616,2.332878805303192,1.3446983613784995,1.0366476857935465
12,28.27794669686405,16.761000299327872,12.671912050010778,0.47150437825494096,9.50596419036422,6.113509792879044
13,18.91824415297233,8.446488339818771,16.14787669756413,5.084690072122099,16.427854116148627,1.2556577602569718
14,21.98197073588287,12.877901439494952,13.031903427462815,0.48300448504164684,12.388860313028143,4.522036585111486
15,9.142138723685031,1.5156875017007265,4.1183444707911185,0.6522203420460333,2.3611825507629756,0.8593538159898213
16,0.9094881008640137,11.99488421453645,13.064237982323776,0.22014490134551248,11.04171259215715,2.2526750516238034
17,5.239364784977396,8.377098696563172,3.161241646906661,1.3783699420066045,0.9062630122223039,9.340258223306844
18,16.58567467075639,8.608397507415168,10.884888984694978,3.622533637812351,6.777377715727337,6.634962351125295
19,6.9370759065902226,3.3946501945631176,10.200474240137961,1.0990816343294616,6.167487202096652,1.0449909267254864
20,15.64497864486273,6.148466624942175,4.960120715671481,1.751301976375495,5.533103093541039,4.430260934860146
21,4.9638433897156515,1.1850662603064028,2.1664151756844148,5.55783732277514,0.9185098096847675,1.1868260225684668
22,27.88740180649303,2.608234237666331,4.816770855787885,15.456143521332699,5.83192495162515,9.039901549757003
23,23.515617337339837,49.55645051566029,23.732485449450312,8.467364339811727,10.622872118940897,34.4638424796112
24,20.193310804183646,13.301042205230074,14.865272688079328,4.788973040463947,10.97802924535234,12.051811526187347
25,14.413603088692923,5.7552586464937825,8.186031472300064,0.33021735201826874,9.804786048448332,0.11889118328014517
26,8.825601198384321,1.3075185719339302,3.0836387152403537,5.176690926415746,0.5927449971832366,1.7374799240765075
27,12.729266792092803,1.0925467359656045,3.2819573183875836,0.7967931130789072,0.2449359492492713,1.0804497006862315
28,3.667377018484008,27.870146126425208,27.976934684199183,1.9024462370007722,21.074289073407304,10.858728072919925
29,38.41963067649865,2.857220604642303,2.812028454408278,1.9714468777210075,2.7114409581894336,1.7166218217466576
30,16.776488840937663,4.91169827750415,11.971330028023281,1.8860175130197638,5.22693315697945,6.180255720334564
31,2.329002862212553,5.903562001687121,3.376805345979737,3.4303175672345527,2.008474783844025,2.054523079490228
32,19.28828097832387,1.7932460747231218,3.1105841776244882,0.43700405789482333,2.248512014108311,0.8447531443589262
33,26.50801152018261,6.511741816103839,7.896098297046778,10.070807800358146,0.8842187767898695,2.2589324823227583
34,1.3392658112723026,2.692590274565294,2.4380254365164906,0.6982207691928568,1.1830406348739804,0.8238950420290762
35,0.6134586405827858,7.47095159051947,11.954084932097436,1.3685127076179993,10.38283488867661,0.9094132615814613
36,26.70952555037405,5.934855370214155,5.8503987928432855,2.8405263763163515,2.111347882528719,9.648958137788624
37,13.524623052848392,14.362295572668645,13.447941366673852,3.1543150043536117,15.935532858157591,1.4892685063512923
38,4.093588108888909,21.400582328770852,18.009269239060142,0.054214789137327704,17.03774462977931,0.9031558308825063
39,50.07445319257073,0.7551225883697515,0.9721922828195732,16.432009725804598,0.5192642124084552,6.082222639384269
40,21.42201139535091,5.89403793300498,5.1271825824531145,15.623716505938983,2.8045166189041564,12.231191206224057
41,17.09837629624346,4.170181501537456,6.419486958396206,3.3399595853390065,6.307100693168737,5.844440272823978
42,9.674456759190734,10.279191270510761,16.125242509161456,0.30886001084295783,16.898131138707228,0.09594727071731014
43,0.5617426505336555,15.095648861193501,25.8654882517784,1.2929405773053606,23.339946603963064,0.1501783367749202
44,8.622303858191188,9.560804375629269,11.285837464970898,0.8887939673725542,11.31114213633135,0.1355776651440252
45,4.619664559388681,29.99265286130235,23.206510023712006,2.8585979726954607,18.01014034829892,10.39776401143024
46,2.766805467628465,19.142017469863127,23.66350506574693,2.7403111600322,16.636049673010508,3.028596458294224
47,39.64833126766592,73.82377751775559,59.89545160594956,12.784833002020733,59.20346829304137,13.484763156248045
48,10.270973954757425,8.370295790361643,11.713731407630956,0.9594374804908903,12.543169961055185,3.0786559038858643
49,4.428850389207408,29.132765517429046,31.17158870446217,2.9538845717853093,33.26964998652852,2.4257973009615585
50,5.589785200310296,1.4898364581349153,2.1340806208234535,6.34148745666924,1.4916599309280623,4.5095217237135765
51,2.984369287835151,5.5117146044790335,7.540418193576202,0.39264650314610067,3.7671148994537926,0.6278288801284859
52,36.30908328949363,5.328036137037743,6.333261478766976,0.8740081157896467,6.336493007078649,2.6656654777548336
53,0.4378026054159125,14.249367329723258,12.429402888553568,1.2222970641870246,13.743356112376613,0.4672214921886407
54,24.368039518149637,1.9714822172031892,2.0985126104763956,4.002037161773645,0.49966933646851347,2.780385040569009
55,4.693671924458989,5.011020708046478,5.394481569303729,1.7365161247925873,4.957503612805252,2.3569655632730533
56,3.6540021934713023,40.67049443522273,28.95667169648631,4.297754193431796,43.45163739682073,2.794985712199904
57,4.8300951395885905,13.514653459958094,11.303082560896746,0.0624291511278319,18.546550077154823,2.674008718686774
58,12.286114256671809,2.6803450434025415,1.7762448803621471,0.9791519492681003,0.5560046047958459,0.9094132615814613
59,5.472086740198482,7.292715448039402,8.665660702737659,0.2119305393550083,7.553824674847528,3.34355380347496
60,7.659316457276351,4.14296987673134,8.465186462599698,0.15771575021768058,10.03012712175766,0.46930730242162566
61,32.04786404044547,52.20414160929549,64.23582668678594,5.345906783420132,65.40034780904793,4.207079239930751
62,6.975417071626646,8.496829845710087,7.05324423367105,6.824491941710887,9.978690572415314,2.010721064597543
63,8.377990387959091,15.784102968788266,17.002586764388877,4.757758464900031,18.803732823866557,2.701124251715579
64,4.244277804032064,1.6694331818552886,3.5029101099374866,6.118056810527526,3.054351287138413,2.3882527167678282
65,0.07579067507200114,28.516422215570493,49.394266005604656,0.05914340633163022,59.350429862590936,2.968107961537659
66,0.00802489500762365,2.087131622629187,7.994179780125027,0.2875026696676469,8.494378719964729,0.056316876290595085
67,17.75552603186775,9.1961686032273,14.509592584608752,2.0634477320146543,12.592157150905038,1.7395657343094926
68,2.180988132071939,9.877819804620534,4.303729251993964,9.643660976851928,1.930095280084258,6.455582671088584
69,7.447102567074747,3.8368390976625215,1.393619314507437,1.279797598120554,1.6067798270752198,0.3003566735498404
70,14.895096789150342,2.771503986503034,3.451174822159948,17.485090932987234,0.28412570112915475,2.847130968024529
71,16.3092616204938,1.722495850227217,22.679456779478336,8.827153394995811,10.221177162172092,30.185845691758963
72,3.9411151037440595,6.992026993931808,2.8680750161672774,14.575563915950648,3.2356038895828743,0.37753165217028556
73,17.74304286185589,7.2546191733108385,9.39103255011856,13.359838341356026,1.871310652264433,1.351605030974282
74,7.302654456937522,8.630166807260062,10.556154343608537,2.1110910315595786,4.656232395228647,3.7127422147133053
75,18.187978707278578,1.5469808702277612,0.0032334554860961413,7.2401386584304,0.00734807847747814,2.033664977160378
76,0.6393166356073509,4.880404908977115,7.040310411726665,12.37082915769932,1.2957111715286453,1.8647143482885926
77,10.882649285338516,17.275300008163487,30.76093985772796,1.4276561139496295,29.47559213265731,2.104582525081868
78,9.59955773911958,1.598682957359384,2.2278508299202415,3.4434605464193595,0.7372572072403066,0.3483303089084955
79,1.4623142013891985,4.434134262156793,3.9394266005604655,1.4260132415515288,2.9441301099762414,3.44784431512421
80,6.246043280933741,1.127921848213557,3.24315585255443,0.706435131183361,1.494109290420555,1.1033936132490667
81,0.19527244518550882,12.979945032517891,15.523819788747575,0.46493288866253757,19.14909251230803,0.32538639634566047
82,9.239329118777363,12.560886010503687,11.865703815477474,1.2107969574003188,8.663384524946727,4.884967565650877
83,18.612406487681785,2.126588478598057,1.9217503772364735,3.8114639635939476,1.3471477208709923,1.6102454998644222
84,10.581269895052207,4.526653786497592,5.188618236688941,1.935303684962789,9.39819237269454,0.25029722795820036
85,14.370803648652263,62.85477155840975,100.0,1.6855870804514614,100.0,6.140625325907849
86,20.44119089441913,100.0,34.613063160163826,1.6215150569255286,49.158645014328755,1.8834866403854578
87,38.57745361164858,6.83692073253694,8.748652726880794,10.3698105768125,3.867538638645994,29.93346265356778
88,7.0119749266613765,0.7374350322457754,4.356542358266868,15.993362795511672,0.40414431626129765,0.09594727071731014
89,22.205776141095487,5.219189637813274,5.744772580297478,5.65640966666119,1.1120092095916918,6.6287049204263395
90,10.169325284660859,0.8109064192222918,1.7654666954084932,5.49869391644351,0.16900580498199722,0.750891683874601
91,11.37216788080356,3.7579253857247816,2.726880793274413,14.281489756690599,1.535748401792931,2.3298500302442484
92,8.20144269779137,37.37788783368255,34.5268376805346,5.309763590661913,46.30759056506724,10.700206495213065
93,10.088184679583776,4.204196032545103,2.2224617374434144,57.51531978511229,0.17390452396698264,5.627516008593538
94,5.016451034765629,16.626302756537594,12.204138823022204,0.3384317140087729,12.33987312317829,0.5089376968483408
95,0.002674965002541217,3.972897221693107,6.7385212330243585,0.7228638551643694,0.546207166825875,1.478839455186367
96,0.02050806501948266,3.5592805246401262,8.749730545376158,0.23821649772462172,9.488818673916771,0.45262082055774566
97,0.3593369653413701,0.3455876350376881,0.6574692821728821,1.2715832361300499,0.1322654125946065,0.1314060446780552
98,0.44850246542607736,0.15238509891425617,0.838542789394266,1.4703707963002515,0.13716413157959192,0.2753269507540204
99,8.611603998181025,2.9687882663473837,2.0575555076525114,9.264157452890634,0.5266122908859333,0.673716705254156
100,10.337848079820956,10.583961468339275,13.08902780771718,5.34262103862393,19.68060352217895,6.317919195711574
101,1.2661501012028427,14.707883207706333,17.532873464108643,2.617095730174637,16.572366326205696,3.8337192082264355
102,2.614332462483616,8.78799423113554,8.274412588920026,4.20739621153625,11.200920959169178,2.890932982917214
103,50.0057957575055,4.767476666031729,9.599051519724078,29.617703592961934,3.6250520488892155,5.210353961996538
104,12.572335511943718,2.9007592043320907,3.7130847165337357,2.1948775238627216,3.6519950033066353,1.1430240076757816
105,13.898226498203314,1.3796293776701407,4.2789394266005605,1.495013882271764,0.34046096945648713,2.8742465010533342
106,1.296466371231643,8.622003319818226,11.536969174391032,0.21850202894741166,16.729125333725232,3.8191185365955405
107,7.8438890424516945,14.484747884296171,16.044406122009054,4.059537695707174,21.968305288167144,2.9993951150324345
108,1.3651238062968676,11.424800674848296,7.524250916145721,0.40578948233090734,6.135645528694247,2.5780614479694637
109,1.2536669311909836,22.76116356907671,31.241646906660918,1.105653123921865,2.047664535723908,0.006257430698955009
110,10.5375788000107,2.242237884024055,1.8258245311489545,3.7391775780775105,0.4139417542312685,3.4353294537263
111,11.216128255655322,15.121499904759313,18.93619314507437,1.3225122804711757,15.815514243025449,3.1683457439042195
112,16.98246114613334,3.7688100356472285,2.6611338650571246,14.544349340386733,1.1830406348739804,5.648374110923388
113,12.873714902230029,3.1225339465019455,1.8678594524682044,5.290049121884703,1.4328753031082373,3.25594977368959
114,16.08902283528457,1.4694277395303275,2.155636990730761,4.197538977147645,0.28902442011414015,2.640635754959014
115,9.927686779431303,1.078940923562546,3.220521664151757,4.460398560843779,0.6760232199279889,1.272344242120852
116,9.962461324464337,3.4300253068110695,3.6160810519508515,2.4922374279189734,0.7593014426727411,0.46304987172267065
117,6.2326684559210355,5.279055212386732,5.798663505065747,2.7058108396720826,0.7813456781051755,2.4195398702626036
118,17.87679111198295,2.5728591254183786,2.5458072860530288,8.777867223052786,1.006686751414505,1.946060947375008
119,7.3632869969951225,3.189202427276933,2.314076309549472,6.40063086300087,0.6515296250030617,1.3244894979454769
120,15.30079981453576,1.6326974883670304,3.6775167061866783,3.9708225862097293,0.4261885516937321,2.3694804246709635
121,3.5844531034052305,4.400119731149147,1.61457210605734,3.9346793934515105,0.6466309060180763,0.5318816094111758
122,10.888890870344447,0.2734768293014776,0.2640655313645182,3.2709589446187715,0.06123398731231783,1.7937968003671025
123,9.959786359461797,14.652099376853792,9.499892218150464,3.604462041433242,4.8399343571656015,0.29827086331685543
124,32.14416278053695,2.23407439658222,3.1914205647768914,7.864430169708719,1.2246797462463566,3.3810983876686898
125,67.97710229957825,4.725298647582247,7.654666954084932,27.169823719791683,1.905601685159331,1.9147737938802327
126,17.136717461279883,2.50346948216278,1.7870230653158008,13.46333930243638,0.8548264628799569,1.0074463425317564
127,19.139374593182406,9.854689923535334,11.51649062297909,1.4457277103287387,5.8441717490876135,5.733892330475773
128,0.12483170011859011,12.037062232985932,4.12050010778185,0.2332878805303192,2.6012197810272615,0.006257430698955009
129,37.727706395841324,1.2598982285232252,1.6275059280017246,2.8224547799372424,1.0042373919220124,3.7940888137997204
130,6.37444160105572,3.3034912514626247,0.753395128260401,10.376382066404902,0.9674969995346216,1.9001731222493377
131,1.8733671567796988,0.8013823505401507,0.3384350075447295,0.5684338497428905,0.1714551644744899,0.646601172225351
132,13.288334477623918,2.7647010803015046,2.671912050010778,0.9462945013060835,2.339138315330541,0.684145756419081
133,8.41187327799128,1.4177256523987047,1.331105841776245,0.7162923655719661,0.6270360300781346,0.8259808522620612
134,6.58754714625817,2.560613894255626,2.3431774089243373,1.1828681266326044,0.11511989614715752,1.1200800951129466
135,5.617426505336555,1.7537892187542519,2.7926277214917006,1.9221607057779821,0.4874225390060499,0.679974135953111
136,4.123904378917709,11.672426460583962,7.577064022418624,7.516141221311341,5.993582678129669,3.216319379262875
137,2.752538987614912,10.993496421671338,8.926492778616081,1.0859386551446548,1.7659881940872462,0.0750891683874601
138,12.070333746466817,5.791994339982041,5.425738305669325,0.25464522170563014,0.6098905136306856,6.822685272093945
139,4.803345489563179,6.77433399548287,3.603147230006467,1.3553697284331927,1.5602419967178582,1.9377177064430677
140,15.713636079927955,5.823287708509075,7.873464108644105,3.7441061952718133,2.3513851127930048,5.456479569488768
141,27.08758727073321,18.03042259653324,5.592800172450959,0.5273620397903694,0.12491733411712837,3.0244248378282546
142,33.02333461137217,9.730877030667502,8.895236042250485,4.920402832312014,0.048987189849854264,0.006257430698955009
143,9.277670283813787,2.1714876595281503,1.181289070920457,13.841199953999572,0.9772944375045926,0.663287654089231
144,16.78718870094783,5.002857220604643,2.1427031687863765,0.19385894297589906,1.26386949812624,0.4192478568299856
145,19.651184563668625,11.407113118724318,37.49946109075232,0.06900064072023526,30.83988536997575,9.240139332123563
146,6.927267701580904,2.6340852812321423,2.346410864410433,1.5212998406413774,0.17880324295196806,1.0846213211522016
147,8.205900972795606,4.589240523551661,2.917654666954085,2.11273390395768,2.6502069708771154,1.0971361825501116
148,5.282164225018056,0.7945794443386215,0.5841776244880362,6.656918957104602,0.6931687363754379,0.9052416411154913
149,28.36532888694706,1.9497129173582954,1.779478335848243,1.3142979184806716,0.2767776226516766,3.003566735498404
150,14.467102388743747,2.4830607635581923,1.9023496443198966,1.4013701555800162,0.41639111372376125,2.225559518594998
151,1.1493432960918761,4.528014367737898,2.179348997628799,0.8723652433915458,0.6245866705856419,3.7002273533153955
152,16.798780215958843,1.8653568804593321,3.378960982970468,4.93026006670062,0.862174541357435,0.38378908286924057
153,3.0878012679334113,12.585376472829193,2.5522741970252207,1.279797598120554,0.7397065667327993,3.3936132490666
154,0.554609410526879,0.07483196821682223,0.14766113386505714,0.12321542985756297,0.01714551644744899,0.016686481863880023
155,1.7735017966848268,14.544613458869629,20.974347919810302,0.3827892687574956,28.35623484458814,4.490749431616711
156,3.4150386532442867,7.198835342458298,16.010993748652727,0.5207905501979662,16.396012442746223,6.63704816135828
157,15.847384330055014,1.858553974257803,2.6665229575339513,5.549622960784636,1.9864305484115903,0.8718686773877312
158,2.551024957423474,8.939018748809492,10.36645828842423,1.5278713302337807,9.807235407940823,3.5083328118807753
159,0.31653752530071066,10.481917875316336,15.824531148954517,0.6538632144441341,19.783476620863645,0.6320005005944559
160,1.5381048764611995,4.96748210835669,13.819788747574908,1.3537268560350917,10.835966394787762,4.4990926725486515
161,11.086838280532497,0.7347138697651637,0.3050226341884027,1.7940166587261168,0.00734807847747814,4.657614250255512
162,13.532647947856015,2.7538164303790578,4.1064884673421,4.378254940938738,0.5682514022583095,1.272344242120852
163,4.931743809685156,21.39650058504993,28.96098297046777,3.888678966304687,33.61990839395498,0.9302713639113114
164,4.658005724425106,10.344499170045443,9.251993964216426,4.1728958911761325,8.998946775418228,0.4964228354504307
165,13.923192838227033,17.21543443359003,21.403319680965726,7.269710361596215,17.410047272638206,4.962142544271322
166,4.299560414084582,9.144466516095676,9.883595602500538,1.6313722913141335,12.180664756166262,7.586091817366456
167,2.6089825324785334,4.3470570627772185,3.5223108428540635,0.66536332123084,4.114923947387758,1.445466491458607
168,5.179623899920642,1.0000272116248061,0.8654882517784005,2.2885212505544694,0.19349939990692433,0.8948125899505663
169,4.827420174586049,0.9755367492993007,2.322698857512395,3.941250883043914,0.16900580498199722,1.5643576747387522
170,0.2318303002202388,11.803042259653324,14.47510239275706,1.833445596280537,17.182256839836384,0.673716705254156
171,0.17833100016941444,35.18735203679012,21.35805130416038,1.0695099311636465,21.488230827638574,13.036313956156269
172,0.851530525808954,7.4546246156358,7.044621685708127,0.5470765085675796,6.9561809586793055,1.4746678347203972
173,0.45831067043539514,10.445182181828077,21.34619530071136,1.5393714370204865,24.091899968158327,1.4934401268172621
174,0.25501333024226264,1.6435821382894773,5.648846734209959,4.131824081223612,0.3747520023513851,3.007738355964374
175,2.0891476669846902,10.673759830199462,12.798016813968527,0.08542936470124365,10.277512430499424,3.5396199653755502
176,40.69513423866038,9.466924270048164,7.044621685708127,12.104683829206985,3.7524187424988367,0.4797363535865507
177,11.376626155807795,9.973060491441943,4.885751239491269,2.8783124414726706,0.048987189849854264,5.487766722983543
178,9.809988319319489,9.62611227516395,5.329812459581807,1.892589002612167,0.2939231390991256,0.8238950420290762
179,2.814954837674207,6.650521102615037,2.694546238413451,7.355139726297458,0.6686751414505107,4.515779154412532
180,11.017289190466425,8.212468366486164,9.578572968312136,0.6604347040365375,3.3850148186249296,5.827753790960099
181,100.0,40.30994040654168,19.560250053890925,27.509898306198558,12.119430768853945,17.833677492021774
182,0.6188085705878681,11.609839723529891,11.336494934253071,0.727792472358672,16.91772601464717,0.32538639634566047
183,32.85481181621207,59.797545511442486,21.739599051519725,60.02070019221607,0.5853969187057585,100.0
184,0.2915711852769926,1.2490135786007783,5.076525113170942,0.12157255745946212,0.8180860704925662,0.022943912562835032
185,7.28482135692058,8.773027837492176,1.2276352662211683,3.583104700257931,0.14206285056457738,0.5151951275472958
186,2.68298989754884,0.7088628261993524,0.9204569950420349,5.700767221409913,2.324442158375585,1.5163840393800971
187,2.173854892065162,10.887371084927482,10.58309980599267,10.299167063694163,8.472334484532295,0.006257430698955009
188,7.168906206810461,10.393480094696454,12.596464755335202,4.531042073962116,16.751169569157664,0.8426673341259412
189,0.7436402707064582,15.751449019020926,12.418624703599914,0.45178990947773084,9.863570676268155,3.871263792420166
190,15.101069094346016,8.503632751911617,2.1351584393188188,12.045540422875355,0.28902442011414015,0.13349185491104018
191,12.147907731540512,0.4013714658902283,1.4884673420995904,1.462156434309747,0.10532245817718666,0.17520805957074026
192,4.912127399666521,1.9878091920868595,2.4261694330674715,0.8986512017611592,0.45803022509613733,0.8530963852908663
193,0.160497900152473,4.741625622465917,21.8710929079543,1.575514629778705,13.760501628824063,1.389149615168012
194,6.336992091020142,1.3769082151895289,3.2054322052166415,1.3241551528692765,0.8695226198349132,2.3819952860688733
195,15.178643079419711,6.992026993931808,5.63699073076094,12.958977476219422,0.8082886325225953,3.6605969588886804
196,27.30604274594074,9.808430161364935,5.278077171804268,30.739785440864807,1.8688612927719401,5.998790230064869
197,2.164046687055844,9.656045062450678,11.199611985341669,1.851517192659646,10.566536850613565,3.0619694220219844
198,10.419880339898887,2.9306919916188194,7.3550334123733565,5.794410948101661,1.4500208195556863,1.453809732390547
199,8.622303858191188,3.102125227897358,2.2763526622116834,0.8542936470124366,0.9846425159820706,0.723776150845796
200,2.7347058875979706,18.01409562164957,24.926708342315155,6.474560120915409,24.393171185734932,1.5247272803120373
201,3.998181023798272,19.59100927916406,26.63073938348782,5.8305541408598796,34.86663237563377,3.50624700164779
202,22.47238098634876,15.628996707393398,10.228497521017461,8.321148696380751,0.6956180958679306,14.296143336879211
203,0.5198348654938432,0.9319981496095132,2.388445785729683,0.7705071547092938,2.3366889558380484,0.03754458419373005
204,1.7440771816568734,1.21227788511252,5.632679456779479,2.272092526573461,0.012246797462463566,2.769955989404084
205,0.9870620859377089,15.93376690522191,25.432205216641517,1.5689431401863017,22.69331569794499,1.480925265419352
206,5.682517320398391,1.0612533674385698,1.0239275705971114,1.4424419655325371,0.7054155338379013,0.5944559164007258
207,2.2656953571524108,6.4450733353288525,6.562836818279802,4.839902084805074,13.020795062091263,0.25029722795820036
208,1.3704737363019501,5.099458488666358,6.292304375943091,3.0540997880694607,8.281284444117864,1.6811630477859125
209,4.948685254701251,17.318838607853277,18.071782711791336,1.4194417519591254,30.421044896759497,1.6623907556890474
210,16.55535840072759,2.5783014503796022,1.501401164043975,2.958813188979612,0.597643716168222,4.380201489268506
211,10.805966955265669,38.53982421290375,42.782927355033415,7.780643677405576,47.54206774928356,5.986275368666958
212,6.501056611176004,1.3769082151895289,2.2224617374434144,2.1209482659481838,0.5878462781982512,3.7023131635483804
213,2.9576196378097386,8.98255734849928,7.3949126967018755,2.1833774170760156,9.701912949763637,2.5342594330767785
214,2.1060891120007845,8.91316770524368,12.248329381332184,1.4999424994660664,14.590834496779092,1.6498758942911373
215,2.5019839323768847,14.646657051892568,16.747143780987283,2.2573066749905535,14.274867122247532,4.980914836368187
216,2.257670462144787,22.58428800783695,39.32528562190127,0.29407415926005026,32.596076126093024,1.405836097031892
217,16.08902283528457,2.0068573294511416,2.2052166415175685,4.159752911991325,0.3184167340240527,2.4153682497966336
218,0.0160497900152473,10.209801627255164,16.38823022203061,2.1110910315595786,11.749577485487546,13.29078280458044
219,3.704826528519585,0.4993333151922501,1.4981677085578788,3.788463750020536,0.21064491635437332,0.2711553302880504
220,13.15636953749855,1.2231625350349669,1.489545160594956,2.899669782647982,0.13716413157959192,1.5622718645057672
221,4.811370384570802,10.208441046014858,11.47445570165984,0.1495013882271764,10.206481005217135,0.49850864568341574
222,4.494832859270091,1.5170480829410324,3.0782496227635265,12.314971496163892,0.6270360300781346,0.7821788373693761
223,2.4877174523633316,3.438188794252905,5.674714378098728,9.219799898141911,1.930095280084258,2.836701916859604
224,6.485898476161603,0.8966230373615609,1.6156499245527054,1.2880119601110582,0.1714551644744899,1.374548943537117
225,11.306185410740877,4.4123649623119,4.480491485233887,1.084295782746554,1.8639625737869547,1.6394468431262124
226,18.530374227603854,8.05600152385099,9.928863979305884,2.8898125482593766,6.289955176721287,3.2392632918257096
227,3.604069513423866,2.9987210536341125,1.6846303082560896,3.7556063020585193,0.6441815465255836,1.4371232505266671
228,1.666503196583178,0.7850553756564804,0.6165121793489976,1.5607287781957975,11.6638499032503,0.42341947729595564
229,7.718165687332258,3.736156085879888,2.6956240569088163,11.245461565000246,1.699855487789943,2.044094028325303
230,9.872404169378784,8.148521048191787,6.051950851476612,13.670341224597086,2.339138315330541,4.457376467888952
231,2.0900393219855373,14.528286483985958,4.125889200258676,2.364093380867108,3.8356969652435886,1.0220470141626514
232,23.14914713199169,2.4218346077444286,4.136667385212331,1.0481525899883357,0.6956180958679306,1.7395657343094926
233,0.8595554208165777,6.781136901684399,3.5740461306316016,1.5393714370204865,1.0017880324295196,0.014600671630895021
234,13.912492978216868,3.677651092546736,4.131278292735503,6.998636415909576,0.7960418350601318,5.345931627140563
235,1.6388618915569189,8.680508313151378,3.0437594309118343,2.0010185808868224,2.9784211428711393,0.6153140187305759
236,7.699440932314469,1.1156766170508041,3.284112955378314,3.798320984409141,1.016484189384476,0.46930730242162566
237,16.666815275833475,5.221910800293886,0.6391463677516707,7.61307069279929,0.06858206578979596,2.5342594330767785
238,6.565255771236993,0.6462760891452829,0.6305238197887476,1.8268741066881335,0.17635388345947534,0.4505350103247607
239,42.347370955230005,3.4926120438651393,4.073076093985772,8.613579983242701,2.0280696597839665,4.699330454915212
240,19.702008898716908,4.864077934093444,7.588920025867644,18.76488853110779,0.8401303059250006,5.348017437373548
241,22.228067516116663,2.4504068137908512,2.6676007760293166,3.6406052341914603,1.0091361109069978,2.183843313935298
242,16.25130404543874,0.8966230373615609,3.1407630954947185,6.16405723767435,1.4353246626007299,1.2055983146653317
243,9.99545255949568,4.865438515333751,5.517352877775383,0.921651415334571,4.119822666372744,5.001772938698037
244,5.530044315253542,10.57851914337805,11.65876266436732,1.943518046953293,7.698336884904598,4.109046158980456
245,2.730247612593735,8.373016952842255,14.998922181504634,0.3778606515631931,21.880128346437406,5.806895688630249
246,7.922354682526237,3.3034912514626247,1.915283466264281,2.9193842514251918,1.0532245817718666,1.272344242120852
247,12.098866706493924,0.4707611091458271,0.5270532442336711,3.4122459708554436,0.10777181766967937,1.374548943537117
248,13.97312551827447,7.182508367574628,2.5932312998491054,0.9183656705383693,1.3765400347809047,1.1930834532674217
249,7.168906206810461,5.163405806960734,2.2310842854063377,10.415811003959323,2.248512014108311,0.6069707777986358
250,2.8452711077030077,2.7116384119295764,1.9389954731623196,2.8421692487144523,0.5731501212432949,1.480925265419352
251,5.469411775195941,31.47432583199543,36.19961198534167,11.082817197588263,45.54339040340951,10.6814342031162
252,5.90543107061016,2.5306811069688973,5.108859668031903,12.622188634608749,0.5021186959610062,3.53127672444361
253,26.327005555010654,10.831587254074941,18.286268592369044,0.7097208759795627,0.8891174957748549,2.901362034082139
254,9.254487253791764,24.45236605077689,5.117482215994826,7.698500057500534,3.7891591348862272,6.810170410696035
255,28.188781196779342,0.6653242265095649,1.6113386505712437,5.326192314642921,0.27187890366669115,1.282773293285777
256,9.890237269395726,6.81379085145174,5.657469282172882,0.7442211963396803,0.9601489210571436,0.7780072169034061
257,7.556776132178937,2.627282375030613,2.0295322267730116,8.220933480096601,8.800548656526319,2.058694699956198
258,50.00668741250635,6.208332199515633,2.2892864841560683,10.550526540603592,1.7880324295196806,6.926975783743195
259,47.44050432006848,6.747122370676753,7.906876482000431,4.9483316630797285,2.3685306292404538,1.7061927705817326
260,8.196984422787136,6.64643935889412,2.3248544945031258,0.5372192741789745,1.9105004041443163,1.1430240076757816
261,7.006624996656294,1.510245176739503,1.1791334339297261,11.201104010251523,0.12001861513214294,0.5986275368666959
262,20.73722035470036,1.866717461699638,1.8075016167277431,1.6133006949350244,1.050775222279374,1.366205702605177
263,1.9197332168237466,1.5170480829410324,7.204138823022203,7.10378024938803,7.088446371273912,0.8572680057568363
264,0.9567458159089085,13.169065824920406,16.6469066609183,0.10021521628415121,14.647169765106424,2.6385499447260288
265,5.26878940000535,32.010394840675936,14.765035568010347,16.683369202714026,2.032968378768952,7.584006007133471
266,0.5100266604845253,13.283354649106098,23.90816986419487,3.6488195961819647,11.957773042349425,5.345931627140563
267,18.62934793269788,1.6626302756537592,2.77646044406122,6.530417782450837,1.8051779459671295,7.567319525269591
268,10.617827750086937,10.95676072818308,21.391463677516708,1.7562305935697975,15.612217405148554,1.455895542623532
269,13.569205802890746,0.3510299599989115,1.226557447725803,4.133466953621713,0.8156367110000735,0.4255052875289406
270,4.208611603998181,1.404119839995646,1.050873032981246,9.035798189554617,0.4825238200210645,0.11680537304716017
271,1.8573173667644516,6.8124302702114345,1.6846303082560896,1.8400170858729403,0.3600558453964288,3.2330058611267547
272,0.45831067043539514,11.324117663065662,7.403535244664798,0.8690794985953441,0.22779043280182232,2.169242642304403
273,32.82806216618666,4.14296987673134,1.609183013580513,7.889073255680231,0.5143654934234697,3.8045178649646454
274,0.7971395707572826,2.3170698522408775,1.9842638499676655,1.2222970641870246,1.8590638548019693,2.4049391986317086
275,0.6063254005760091,2.1905357968924326,0.24035352446647984,1.4161560071629236,0.23513851127930047,0.7905220783013162
276,24.878066178634164,5.100819069906664,7.505928001724509,7.3584254710936605,1.476963773973106,5.220783013161463
277,8.079285962675321,1.127921848213557,0.7361500323345549,27.795758103468103,1.5210522448379749,0.28992762238491543
278,10.426121924904816,3.1524667337886747,2.7408924337141625,9.602589166899406,0.6711245009430034,2.9389066182758694
279,15.479130814705174,8.435603689896324,10.448372494071998,2.1242340107443853,8.866681362823622,3.5896794109671903
280,3.001310732851245,3.9239162970420964,2.62017676223324,1.6050863329445202,0.4090430352462831,2.3027344972154435
281,10.91207390036647,9.671011456094043,6.720198318603147,1.7956595311242176,5.702108898523036,4.336399474375821
282,43.74726930655991,5.39470461781273,4.582884242293598,9.807948216662012,2.5497832316849145,2.9284775671109444
283,22.97527440682651,4.915780021225068,2.169648631170511,16.92651431763295,0.7690988806427119,2.886761362451244
284,61.48050396340648,6.001523850989143,13.590213408062082,14.279846884292496,1.8394689788620275,5.018459420561917
285,35.892680404098044,0.8707719937957495,3.8801465833153697,1.7118730388210748,1.067920738726823,0.03754458419373005
286,6.37444160105572,3.0572260469672643,1.3386505712438026,2.659810412525259,3.0029147377960665,0.26698370982208036
287,13.690470883005947,2.859941767122915,3.048070704893296,13.744270482511624,0.9454527641021873,2.1421271092755982
288,14.498310313773395,0.8081852567416801,1.3968527699935331,1.3931557935895118,1.0899649741592574,0.5381390401101308
289,38.15035086624283,0.3891262347274756,0.5076525113170942,2.280306888563965,0.07837950375976682,0.045887825125670065
290,2.4146017422938715,2.938855479060655,2.8475964647553353,0.8247219438466215,2.363631910255468,3.1746031746031744
291,5.369546415101069,4.56338947998585,3.514766113386506,4.1186811020388046,0.5192642124084552,1.430865819827712
292,2.530516892403991,4.1987537075838794,4.665876266436732,6.305344263911022,2.0207215813064883,2.210958846964103
293,3.5630533833849007,15.106533511115948,13.439318818710928,1.4818709030869572,14.578587699316628,1.5455853826418873
294,18.96817683301977,2.7388500367356934,7.059711144643242,1.493371009873663,1.9864305484115903,3.8670921719541957
295,6.765878146427585,2.581022612860214,5.641302004742402,0.68507779000805,5.408185759423911,0.5297957991781908
296,17.01901900116807,1.7741979373588397,3.926492778616081,5.002546452217056,1.7390452396698264,1.8730575892205328
297,7.213488956852815,4.352499387738442,7.529640008622548,2.3903793392367216,9.092022436132952,1.1075652337150366
298,6.025804495724515,6.204250455794716,10.740461306316016,1.5344428198261841,11.115193376931932,2.162985211605448
299,0.3958948203761001,1.1959509102288497,2.220306100452684,0.43371831309862163,0.7103142528228868,0.5402248503431157
300,14.665941453932644,8.494108683229475,6.8549256305238195,1.3537268560350917,6.520194969015602,4.1820495171349314
301,4.710613369475083,18.117499795912813,21.986419486958397,2.971956168164419,21.436794278296226,0.3587593600734205
302,2.5733163324446506,7.213801736101662,10.546453977150248,0.5980055529087056,15.274205795184558,1.1576246793066767
303,2.3174113472015407,5.017823614248007,14.905151972407847,0.8082932198656131,24.66260072990913,0.12306280374611518
304,0.14355645513637863,10.149936052681706,26.70079758568657,1.013652269628218,28.86080290004164,5.026802661493857
305,0.21667216520583857,17.604560668317504,9.540849320974347,1.3126550460825708,9.574546256154015,0.44010595915983564
306,5.7672245454788635,17.506598819015483,23.248544945031256,3.0228852125055448,18.512259044259928,3.2184051894958596
307,15.449706199677221,3.2300198644861084,3.063160163828411,1.8876603854178646,0.8597251818649423,1.9293744655111278
308,6.229993490918494,1.3877928651119757,3.241000215563699,0.6834349176099492,0.6294853895706273,1.368291512838162
309,0.8185392907776123,28.10280551851751,14.622763526622117,2.40680806321773,16.768315085605114,1.6811630477859125
310,6.271901275958307,2.029987210536341,2.59215348135374,20.64926317172945,0.7323584882553212,2.3298500302442484
311,26.424195950102987,3.17695719611418,8.924337141625351,5.004189324615157,0.9087123717147966,0.24403979725924535
312,1.9054667368101934,5.084492095022994,20.663936193145073,2.0930194351804694,41.93303451147525,0.29618505308387044
313,8.723952528287755,1.2585376472829193,2.59215348135374,7.305853554354433,0.4482327871261665,0.6194856391965459
314,9.466701143993365,2.442243326349016,8.242078034059064,2.436379766383545,2.099101085066255,2.571804017270509
315,1.31875774625282,20.384228142262373,12.851907738736797,1.0875815275427558,9.530457785289148,7.31702229731139
316,6.354825191037084,1.8707992054205556,2.3722785082992024,4.401255154512149,0.2032968378768952,2.2088730367311182
317,1.0539362110012394,4.201474870064492,6.589782280663936,1.606729205342621,2.0109241433365175,3.41447135139645
318,10.521529009995453,3.6912569049497947,3.8348782065100235,3.4845323563718806,1.7292478016998556,0.10637632188223516
319,8.701661153266578,34.11113227570818,19.01810735072214,1.8531600650577469,30.391652582849584,3.38944162860063
320,1.5817959715027061,5.0287082641704535,2.4574261694330675,0.8444364126238315,0.6735738604354962,1.7395657343094926
321,8.163101532754947,2.581022612860214,5.5690881655529205,4.458755688445678,0.5584539642883386,2.3215067893123082
322,14.160373068452355,0.9700944243380772,3.5729683121362363,6.083556490167409,3.6005584539642883,0.4776505433535657
323,11.912510811316885,1.2843886908487305,12.495149816770855,1.5032282442622682,4.1124745878952655,1.1951692635004068
324,23.162521957004397,4.880404908977115,2.6557447725802974,3.8919647111008886,0.3429103289489798,2.2777047744196235
325,29.172276662713664,22.83599553729353,14.686354817848674,100.0,3.1155852744507313,11.699309596812881
326,3.935765173738977,2.1905357968924326,1.5423582668678595,5.7467676485567365,0.94790212359468,1.7395657343094926
327,0.48327701045911314,1.2231625350349669,1.793489976287993,0.6801491728137475,0.21554363533935875,1.0887929416181716
328,15.098394129343474,3.005523959835642,3.6527268807932742,12.89490545269349,0.5143654934234697,3.1996328973989945
329,4.55903201933108,2.021823723094506,4.9396421642595385,8.423006785063004,1.205084870306415,1.5414137621759172
330,8.729302458292837,2.4299980951862636,5.5065746928217285,5.865054461219997,0.4457834276336738,2.175500073003358
331,10.007044074506691,20.246809436991484,28.927570597111448,2.027304539256436,23.528547284885004,2.2985628767494735
332,19.9026312739075,4.375629268823642,1.5596033627937056,3.6274622550066535,0.43598598966370294,5.427278226226978
333,7.637025082255174,6.775694576723176,72.53502910109937,0.21521628415120997,93.32549538295736,2.5342594330767785
334,15.000312079250296,1.2626193910038368,2.9564561327872387,18.989962049647605,0.8131873515075808,7.271134472185721
335,24.14780073294041,9.275082315165038,11.629661564992455,2.242520823407646,10.069316873637543,4.461548088354921
336,12.4564203618336,2.0558382541021523,1.433498598835956,1.0678670587655457,0.3576064859039361,1.6227603612623323
337,8.337865912920973,1.8327029306919915,2.8141840913990084,13.42226749248386,1.0826168956817792,1.8104832822309826
338,0.002674965002541217,0.4530735530218509,7.567363655960336,25.6304522827712,0.0367403923873907,1.1471956281417517
339,2.333461137216788,1.6163705134833601,5.746928217288208,15.745289063398445,1.4034829891983247,4.050643472456876
340,0.33972055532273454,5.476339492231081,10.422504850183229,0.6374344904631257,17.80929286991452,2.859645829422439
341,2.0686396019652076,7.8410296878826635,12.112524250916145,1.2600831293433439,12.643593700247385,4.501178482781636
342,0.22737202521600341,7.834226781681134,6.383918948049149,0.573362466937193,11.254806868004017,2.769955989404084
343,1.5060052964307051,9.47508775749,28.363871524035353,2.3920222116348224,37.88914198936978,0.07717497862044512
344,2.713306167577641,1.5946012136384664,1.9001940073291659,3.6701769373572755,0.5315110098709187,0.7905220783013162
345,1.0682026910147926,3.5402323872758443,8.983617158870446,0.6604347040365375,9.412888529649496,0.6320005005944559
346,2.4707760073472373,9.441073226482354,16.750377236473376,4.424255368085561,16.165772650451906,2.3256784097782783
347,24.413513923192838,9.77441563035729,13.269023496443198,4.614828566265258,11.318490214808827,2.1316980581106733
348,3.0565933429037635,3.2381833519279435,2.1858159086009916,2.2030918858532256,2.9000416391113726,1.387063804935027
349,5.332988560066339,19.920269939318075,22.117913343392974,3.2939591581921834,29.92627427927597,0.9281855536783263
350,3.139517257982541,1.4952787830961387,2.1524035352446647,2.9505988269891077,0.4237391922012394,2.075381181820078
351,1.0789025510249575,13.665677977632045,24.02888553567579,2.8602408450935615,30.95500526612291,6.543186700873955
352,0.5421262405150199,1.5048028517782797,1.6522957533951284,1.3635840904236969,0.2204423543243442,0.4067329954320756
353,0.10432363509910746,8.522680889275899,22.852985557232163,0.3745749067669914,21.265339113821735,2.317335168846338
354,12.517944556892047,10.058777109581213,2.7462815261909896,10.491383134271961,3.2649962034927866,4.882881755417892
355,0.16941445016094372,0.9891425617023593,2.1685708126751453,0.4025037375347057,0.45068214661865924,0.2648978995890954
356,20.22808534921668,0.18231788620098507,0.23496443198965294,5.18654816080435,0.022044235432434417,1.1430240076757816
357,0.03299123503134167,1.7347410813899697,24.005173528777753,0.22507351853981503,16.525828495848337,0.22943912562835034
358,0.6767661456429278,25.393888269068547,1.7891787023065315,10.044521841988534,1.3128566879760943,8.551821955238513
359,0.7097573806742695,7.997496530517838,2.273119206725587,0.5585766153542854,0.5682514022583095,1.6185887407963624
360,17.606619646726287,3.907589322158426,2.1621039017029533,4.273111107460283,1.1463002424865898,1.0491625471914565
361,4.22109477401004,0.8258728128656562,0.9312351799956887,1.9813041121096124,0.3894481593063414,0.8447531443589262
362,1.8912002567966402,2.1782905657296796,2.6438887691312782,0.9200085429364702,0.43843534915619564,1.4850968858853222
363,4.125687688919403,1.356499496584941,4.7833584824315585,0.3137886280372603,3.2698949224777722,0.6549444131572909
364,2.3316778272150938,1.1877874227870147,1.64259538693684,1.812088255105226,1.2589707791412545,0.9761591890369814
365,4.183645263974463,8.337641840594301,8.649493425307178,2.659810412525259,11.0588581086046,6.476440773418434
366,8.525113463098858,3.0164086097580887,1.793489976287993,1.9270893229722847,0.5437578073333823,0.9323571741442963
367,3.10028443794527,1.2163596288334377,0.5755550765251132,2.393665084032923,0.6172385921081637,0.7133470996808711
368,19.915114443919357,1.627255163405807,2.5932312998491054,3.3613169265143177,0.24738530874176404,1.1638821100056318
369,5.538069210261166,0.45851587798307436,0.7361500323345549,1.7890880415318142,0.10042373919220124,0.6173998289635609
370,35.37997877861098,5.366132411766307,5.34059064453546,2.240877951009545,1.281015014573689,4.661785870721482
371,17.926723792030387,2.5674168004571554,2.0898900625134726,13.412410258095253,1.7537413966247826,1.6477900840581523
372,3.4631880232900287,5.171569294402569,1.7687001508945894,1.4391562207363353,0.9723957185196072,10.07237761508458
373,13.442590792770462,8.513156820593757,7.973701228713085,2.4708800867436627,4.692972787616038,6.493127255282315
374,5.651309395368744,3.0694712781300173,1.7978012502694547,2.4511656179664527,0.7617508021652338,1.430865819827712
375,5.208156859947749,1.972842798443495,1.252425091614572,0.9807948216662011,1.1658951184265314,0.1460067163089502
376,2.7962300826564186,11.741816103839561,14.643242078034058,9.267443197686836,11.428711391971,2.9743653922366144
377,34.589972447860475,4.291273231924678,2.8540633757275273,1.698730059636268,0.23513851127930047,2.590576309367374
378,2.875587377731808,4.481754605567499,2.0500107781849537,0.4632900162644367,0.1665564454895045,2.3235925995452935
379,3.6094194434289486,7.026041524939454,11.199611985341669,0.21357341175310915,1.991329267396576,0.37336003170431553
380,25.19549535893572,1.2843886908487305,2.3129984910541066,6.3759877770293585,1.4696156954956279,0.5631687629059509
381,15.844709365052474,6.246428474244198,1.7428325070058202,16.308794295947035,0.6025424351532075,1.1096510439480216
382,30.721081399185028,10.115921521674059,9.128044837249407,4.1728958911761325,4.190854091655032,6.034249004025614
383,1.6237037565425185,1.8558328117771912,3.7184738090105625,6.581346826791963,0.9723957185196072,0.7529774941075861
384,9.525550374049272,29.73958475060546,16.598404828626858,5.971841167096551,0.6907193768829452,10.679348392883215
385,10.374405934855686,1.2544559035620018,1.7395990515197242,4.243539404294468,0.47027702255860093,2.2276453288279834
386,1.075335931021569,4.9253040899072085,3.079327441258892,3.195386814306133,0.8646239008499278,2.016978495296498
387,18.65163930771906,2.6068736564260253,1.6954084932097435,3.2200299002776456,0.5658020427658167,2.0044636338985877
388,8.724844183288601,1.1537728917793681,1.263203276568226,2.7550970116151077,0.4898718984985426,0.8468389545919113
389,8.368182182949774,2.081689297667964,1.532657900409571,4.959831769866434,0.5560046047958459,1.4266941993617421
390,2.9888275628393863,1.6068464448012192,1.4313429618452254,9.039083934350819,0.7617508021652338,2.0858102329850032
391,2.3602107872422002,3.756564804484476,2.492994179780125,1.4900852650774614,0.23268915178680774,3.8107752956636007
392,0.46187729043878345,5.687229584478489,3.8801465833153697,1.0826529103484532,0.298821858084111,1.364119892372192
393,21.071590980018012,9.156711747258429,4.140978659193792,14.161560071629237,0.9430034046096946,1.7082785808147174
394,11.036013945484214,1.1769027728645678,3.453330459150679,2.296735612544974,0.36495456438141427,0.9427862253092214
395,8.561671318133588,1.79052491224251,1.3612847596464754,4.798830274852552,2.059911333186372,0.6048849675656509
396,4.025822328824531,16.314729652507552,10.07221383918948,4.343754620578619,8.273936365640385,4.615898045595812
397,10.285240434770978,2.2667283463495607,1.5391248113817633,11.23396145821354,0.15675900751953364,1.5497570031078574
398,10.2023165196922,1.404119839995646,0.6272903643026514,8.855082225763525,0.1812526024444608,0.5151951275472958
399,8.57058786814206,0.7850553756564804,1.0077602931666307,2.630238709359444,1.1487496019790824,0.7821788373693761
400,3.9642981337660834,1.232686603717108,1.3343392972623411,5.874911695608602,0.3747520023513851,2.115011576246793
401,24.22359140801241,3.8109880540967103,2.2935977581375298,21.7237017200874,0.22534107330932962,3.967211063137476
402,23.66363206748045,6.466842635173746,5.487173959905152,0.3614319275821847,0.024493594924927132,0.709175479214901
403,22.83171795169013,14.97455713080628,4.962276352662212,0.2086447945588066,1.5479951992553946,0.6007133470996808
404,16.114880830309136,6.276361261530926,3.7120068980383705,7.10378024938803,2.23871457613834,1.491354316584277
405,6.138153025831246,1.4231679773599282,1.257814184091399,3.399102991670637,1.4524701790481789,0.7884362680683311
406,22.350224251232714,6.816512013932352,5.417115757706402,16.11000673577683,2.6747005658020426,2.002377823665603
407,6.564364116236146,17.47530545048845,20.136882948911403,4.688757824179796,19.308300879320058,1.1534530588407066
408,7.362395341994276,5.279055212386732,6.905583099805993,2.704167967273982,6.686751414505107,0.717518720146841
409,7.764531747376306,4.944352227271491,6.574692821728821,3.859107263138872,5.19999020256203,10.714807166843961
410,5.9143476206186305,2.8517782796810796,4.918085794352231,2.2819497609620663,4.555808656036446,3.9463529608076255
411,1.8956585318008756,4.4749516993659695,3.536322483293813,2.5218091310847885,0.5755994807357876,9.104561666979539
412,0.086490535082166,4.90489537130262,13.364949342530718,0.16100149501388228,7.274597692703358,0.12932023444507018
413,4.443116869220961,6.611064246646167,7.149170079758568,29.3515582644696,2.2338158571533544,5.078947917318482
414,5.322288700056174,2.707556668208659,3.682905798663505,9.329872348814668,2.7800230239792296,0.6048849675656509
415,6.99235851664274,8.226074178889222,9.217503772364735,2.7780972251885196,8.670732603424204,3.9088083766138957
416,3.9134737987178,14.884758768946094,11.75684414744557,1.3931557935895118,16.479290665490975,2.071209561354108
417,4.5162325792904205,7.4818362404419165,11.915283466264281,0.5980055529087056,8.536017831337105,2.2172162776630584
418,0.5884923005590676,11.556777055157964,20.071136020694116,0.21850202894741166,16.508682979400888,1.6185887407963624
419,7.9009549625059075,5.147078832077064,2.3959905151972407,1.0399382279978313,3.8699879981384866,3.1725173643701896
420,3.973214683774554,7.164820811450651,14.256305238197887,0.041071809952520986,16.69973301981532,2.905533654548109
421,15.214309279453595,6.594737271762497,9.75749083854279,1.6938014424419656,8.364562666862616,3.7210854556452455
422,23.539692022362708,1.8735203679011674,4.496658762664367,1.3635840904236969,2.321992798883092,2.540516863775734
423,15.661920089878825,5.015102451767395,5.019400732916577,1.7398018695887891,4.416195164964362,1.393321235633982
424,15.140301914383286,3.9239162970420964,13.183875835309333,1.4358704759401337,7.869792049379087,0.5193667480132658
425,10.024877174523633,3.2762796266565077,2.7947833584824315,25.214805566051684,0.264530825189213,3.9338380994097157
426,11.710996781125447,12.71735285313886,15.430049579650786,5.160262202434737,12.44029686237049,3.9505245812735956
427,27.652004886269406,22.704019156983865,5.851476611338651,24.777801508156863,1.075268817204301,2.4257973009615585
428,2.7168727875810292,8.122670004625975,5.292088812244018,3.611033531025645,2.081955568618806,0.6612018438562459
429,7.674474592290751,2.3810171705352525,3.8585902134080623,0.07721500271073946,0.2057461973693879,5.2166113926954925
430,2.761455537623383,5.7552586464937825,17.765682259107567,0.9446516289079827,0.5902956376907439,4.338485284608806
431,7.608492122228068,7.491360309124058,5.561543436085363,22.15577716078792,3.372768021162466,3.1245437290115343
432,18.829078652887624,1.5809954012354077,5.123949126967019,0.4419326750891258,3.2527494060303233,0.8238950420290762
433,1.7672602116788971,4.378350431304253,1.609183013580513,2.5316663654733937,0.8719719793274059,3.0223390275952693
434,14.918279819172366,5.336199624479578,8.616081051950852,1.1302962098933775,5.8074313567002225,1.7479089752414325
435,26.484828490160588,16.396364526925904,17.274197025220953,21.579128949054528,0.4457834276336738,4.597125753498947
436,34.97784237322895,1.9469917548776838,0.8234533304591507,7.409354515434786,0.22779043280182232,4.893310806582817
437,12.956638817308807,21.072682249857138,32.5964647553352,0.7179352379700669,36.35094422808436,3.8942077049830006
438,9.175129958716374,2.695311437045906,2.4056908816555294,1.7053015492286714,0.4114923947387758,4.432346745093131
439,2.4850424873607904,2.310266946039348,2.705324423367105,0.10678670587655457,1.1683444779190242,0.10846213211522016
